{
  "numerical": {
    "n_training_rows": 149776,
    "n_training_datasets": 1103,
    "n_features": 43,
    "method_vocab": [
      "impute_median",
      "log_transform",
      "missing_indicator",
      "polynomial_cube",
      "polynomial_square",
      "quantile_binning",
      "reciprocal_transform",
      "sqrt_transform"
    ],
    "cv_results": {
      "regression": {
        "mae": {
          "mean": 0.7887370838590992,
          "std": 0.07735200729398688,
          "per_fold": [
            0.6912290807515354,
            0.7523179655300672,
            0.7865798683795532,
            0.7867136567777822,
            0.9268448478565577
          ]
        },
        "rmse": {
          "mean": 2.801679184020496,
          "std": 0.7958223044089537,
          "per_fold": [
            2.119476393674839,
            1.882811942667063,
            2.565259527025991,
            3.4828639156116252,
            3.957984141122964
          ]
        },
        "r2": {
          "mean": 0.6040824565278029,
          "std": 0.10264944892244802,
          "per_fold": [
            0.7207898278050957,
            0.6955831814429791,
            0.6224244502457761,
            0.44236851554269774,
            0.5392463076024661
          ]
        },
        "median_ae": {
          "mean": 0.3538314194880775,
          "std": 0.011646324432041307,
          "per_fold": [
            0.3522187855530621,
            0.3686358008551516,
            0.3379764107791172,
            0.36520013851250843,
            0.34512596174054844
          ]
        }
      },
      "classification": {
        "auc": {
          "mean": 0.6734840847674016,
          "std": 0.03943227159447409,
          "per_fold": [
            0.6004019458962239,
            0.6805968355678267,
            0.7099811178385855,
            0.6706619780122052,
            0.7057785465221664
          ]
        },
        "f1": {
          "mean": 0.5253993056039912,
          "std": 0.14690448719522398,
          "per_fold": [
            0.23559623362085994,
            0.5974374870841083,
            0.6350294518952377,
            0.5586821733866529,
            0.6002511820330969
          ]
        },
        "precision": {
          "mean": 0.4802541683667105,
          "std": 0.06737659856367362,
          "per_fold": [
            0.3568009573195054,
            0.5089191409458984,
            0.5326596694953104,
            0.4627727466115602,
            0.5401183274612776
          ]
        },
        "recall": {
          "mean": 0.6130776779519944,
          "std": 0.22159750642964612,
          "per_fold": [
            0.17585766243979162,
            0.7232321547698466,
            0.7861085935568921,
            0.7047389855609034,
            0.675450993432538
          ]
        },
        "accuracy": {
          "mean": 0.6186636758887909,
          "std": 0.015238864942880057,
          "per_fold": [
            0.6124649485912672,
            0.6098147220831247,
            0.633896381359327,
            0.5984175736128731,
            0.6387247537973627
          ]
        }
      },
      "n_splits": 5
    },
    "tuning": {},
    "formula": "cohens_d_w20",
    "cls_strategy": "composite_pos"
  },
  "categorical": {
    "n_training_rows": 19999,
    "n_training_datasets": 423,
    "n_features": 38,
    "method_vocab": [
      "frequency_encoding",
      "hashing_encoding",
      "missing_indicator",
      "onehot_encoding",
      "target_encoding"
    ],
    "cv_results": {
      "regression": {
        "mae": {
          "mean": 0.884673563419992,
          "std": 0.17351493411889532,
          "per_fold": [
            1.2071485779267404,
            0.8049687997776885,
            0.7250080032172097,
            0.7681282465412673,
            0.918114189637054
          ]
        },
        "rmse": {
          "mean": 5.357345071531617,
          "std": 2.1011907951953015,
          "per_fold": [
            9.467195014515244,
            3.850362765519757,
            4.6558532846484235,
            3.852831462775673,
            4.960482830198987
          ]
        },
        "r2": {
          "mean": 0.6597127707760411,
          "std": 0.08044062836775907,
          "per_fold": [
            0.5578024002546791,
            0.6308420120442808,
            0.7039008765072488,
            0.7908513697788354,
            0.6151671952951614
          ]
        },
        "median_ae": {
          "mean": 0.17587124296203474,
          "std": 0.03928503694917388,
          "per_fold": [
            0.20974387300281697,
            0.2175027140904626,
            0.18120372736393564,
            0.1632047430284615,
            0.10770115732449698
          ]
        }
      },
      "classification": {
        "auc": {
          "mean": 0.7698277640535565,
          "std": 0.031854495079094526,
          "per_fold": [
            0.7614636691902342,
            0.7211972004851308,
            0.7780943853709865,
            0.7678943810343049,
            0.8204891841871258
          ]
        },
        "f1": {
          "mean": 0.5715255391243342,
          "std": 0.02699543229299083,
          "per_fold": [
            0.5994217796337937,
            0.5199175824175825,
            0.58256735340729,
            0.5778766687857597,
            0.5778443113772455
          ]
        },
        "precision": {
          "mean": 0.47608344388189944,
          "std": 0.022900561688698282,
          "per_fold": [
            0.5084468664850136,
            0.4713574097135741,
            0.45004897159647406,
            0.49617903930131,
            0.4543849323131254
          ]
        },
        "recall": {
          "mean": 0.724115791402762,
          "std": 0.08611407554578455,
          "per_fold": [
            0.7300469483568075,
            0.5796324655436447,
            0.825696316262354,
            0.6917808219178082,
            0.7934224049331963
          ]
        },
        "accuracy": {
          "mean": 0.6790806161203571,
          "std": 0.02288792852484547,
          "per_fold": [
            0.6883279180204949,
            0.6503251625812907,
            0.67075,
            0.668,
            0.718
          ]
        }
      },
      "n_splits": 5
    },
    "tuning": {},
    "formula": "cohens_d_w25",
    "cls_strategy": "composite_pos"
  },
  "interaction": {
    "n_training_rows": 174798,
    "n_training_datasets": 1201,
    "n_features": 59,
    "method_vocab": [
      "abs_diff_interaction",
      "addition_interaction",
      "cat_concat",
      "division_interaction",
      "group_mean",
      "group_std",
      "product_interaction"
    ],
    "cv_results": {
      "regression": {
        "mae": {
          "mean": 0.9838028210271818,
          "std": 0.09695768762533637,
          "per_fold": [
            1.046277920668291,
            0.8247786149784848,
            1.1097780697595256,
            0.9416177864799065,
            0.9965617132497007
          ]
        },
        "rmse": {
          "mean": 3.391749533020345,
          "std": 0.4374706195105249,
          "per_fold": [
            3.358335501157762,
            2.7200717005911823,
            4.078115271544655,
            3.530267242857649,
            3.2719579489504795
          ]
        },
        "r2": {
          "mean": 0.6847859507416649,
          "std": 0.05484191860329337,
          "per_fold": [
            0.6233034903951495,
            0.637910356182081,
            0.7105399952327627,
            0.676159087501615,
            0.7760168243967165
          ]
        },
        "median_ae": {
          "mean": 0.42023001152780354,
          "std": 0.01108355106587394,
          "per_fold": [
            0.43585212300330856,
            0.40974351637839723,
            0.4238861942562504,
            0.4056313418809504,
            0.426036882120111
          ]
        }
      },