{
  "numerical": {
    "n_training_rows": 149776,
    "n_training_datasets": 1103,
    "n_features": 43,
    "method_vocab": [
      "impute_median",
      "log_transform",
      "missing_indicator",
      "polynomial_cube",
      "polynomial_square",
      "quantile_binning",
      "reciprocal_transform",
      "sqrt_transform"
    ],
    "cv_results": {
      "regression": {
        "mae": {
          "mean": 0.7434977916220296,
          "std": 0.07734287613411996,
          "per_fold": [
            0.6700002346664249,
            0.6775745471127504,
            0.72022995659364,
            0.7683326016886788,
            0.8813516180486531
          ]
        },
        "rmse": {
          "mean": 2.657556646596235,
          "std": 0.9039917167046353,
          "per_fold": [
            1.9385768064225721,
            1.7267889723956744,
            2.174071809923896,
            3.413008133913894,
            4.035337510325137
          ]
        },
        "r2": {
          "mean": 0.6449473504102238,
          "std": 0.12608833375695833,
          "per_fold": [
            0.766417612228186,
            0.7439449844458415,
            0.728800418751469,
            0.46451301287372515,
            0.5210607237518974
          ]
        },
        "median_ae": {
          "mean": 0.34061432918382556,
          "std": 0.008695984378591527,
          "per_fold": [
            0.3499497949411288,
            0.34113732515990774,
            0.3284462467786702,
            0.3501341521504354,
            0.33340412688898563
          ]
        }
      },
      "classification": {
        "auc": {
          "mean": 0.6935053732867831,
          "std": 0.03564593888439715,
          "per_fold": [
            0.6310028042936857,
            0.7024163258535624,
            0.7342903857651891,
            0.6822767894687491,
            0.7175405610527283
          ]
        },
        "f1": {
          "mean": 0.5686628030156125,
          "std": 0.06912638102013376,
          "per_fold": [
            0.43884393063583815,
            0.5958478780084512,
            0.6402376489726633,
            0.565550564342607,
            0.6028339931185024
          ]
        },
        "precision": {
          "mean": 0.5056916706718197,
          "std": 0.05349201565781843,
          "per_fold": [
            0.4143381068808942,
            0.5326151218550877,
            0.5608426270136307,
            0.4775291642761522,
            0.5431333333333334
          ]
        },
        "recall": {
          "mean": 0.6518001902172397,
          "std": 0.09609222073190682,
          "per_fold": [
            0.4664307480585865,
            0.6761174116077385,
            0.7458185713108676,
            0.6933543132173269,
            0.6772799068916785
          ]
        },
        "accuracy": {
          "mean": 0.6291060622249427,
          "std": 0.022348709316108235,
          "per_fold": [
            0.5949058619308318,
            0.6328158905024203,
            0.6604019228201362,
            0.6157775255391601,
            0.641629110332165
          ]
        }
      },
      "n_splits": 5
    },
    "tuning": {
      "n_trials": 100,
      "regressor": {
        "best_mae": 0.7454989574304719,
        "best_params": {
          "n_estimators": 998,
          "learning_rate": 0.013593384763180982,
          "num_leaves": 90,
          "max_depth": 8,
          "subsample": 0.9535497720385445,
          "colsample_bytree": 0.6865316988800023,
          "reg_alpha": 0.006332265102311357,
          "reg_lambda": 5.849320803685648,
          "min_child_samples": 5
        },
        "n_trials_completed": 100
      },
      "classifier": {
        "best_auc": 0.6903845131146651,
        "best_params": {
          "n_estimators": 720,
          "learning_rate": 0.07358792566770345,
          "num_leaves": 26,
          "max_depth": 7,
          "subsample": 0.7952922309371693,
          "colsample_bytree": 0.6709230503085822,
          "reg_alpha": 2.0345870073268966,
          "reg_lambda": 0.016946896673218834,
          "min_child_samples": 67
        },
        "n_trials_completed": 100
      }
    },
    "formula": "cohens_d_w20",
    "cls_strategy": "composite_pos"
  },
  "categorical": {
    "n_training_rows": 19999,
    "n_training_datasets": 423,
    "n_features": 38,
    "method_vocab": [
      "frequency_encoding",
      "hashing_encoding",
      "missing_indicator",
      "onehot_encoding",
      "target_encoding"
    ],
    "cv_results": {
      "regression": {
        "mae": {
          "mean": 0.7911369350530679,
          "std": 0.1655663617603025,
          "per_fold": [
            1.0854177386461519,
            0.6857521665006352,
            0.6316274044782658,
            0.6943495713994047,
            0.8585377942408823
          ]
        },
        "rmse": {
          "mean": 5.249842516703059,
          "std": 2.5062929435655077,
          "per_fold": [
            10.122422931090055,
            3.4328765055017136,
            4.444370772873789,
            3.35543365041706,
            4.894108723632679
          ]
        },
        "r2": {
          "mean": 0.6795969026163139,
          "std": 0.11546763977152238,
          "per_fold": [
            0.49447493677072474,
            0.7065559329608351,
            0.7301893334017655,
            0.8413674475403116,
            0.6253968624079327
          ]
        },
        "median_ae": {
          "mean": 0.1716042245835073,
          "std": 0.023337512543763057,
          "per_fold": [
            0.1682324943341785,
            0.20105793353062776,
            0.1862812253473839,
            0.17120280242982383,
            0.13124666727552264
          ]
        }
      },
      "classification": {
        "auc": {
          "mean": 0.793434919317654,
          "std": 0.030247876996916626,
          "per_fold": [
            0.799468332416665,
            0.7387947158957743,
            0.8018746551368389,
            0.7951501159969219,
            0.8318867771420696
          ]
        },
        "f1": {
          "mean": 0.6049421187636319,
          "std": 0.02106955577785068,
          "per_fold": [
            0.6437144662034112,
            0.5853658536585366,
            0.6019621583742116,
            0.6066509909304669,
            0.5870171246515332
          ]
        },
        "precision": {
          "mean": 0.50678134901729,
          "std": 0.028744277344211536,
          "per_fold": [
            0.5397245762711864,
            0.4785992217898833,
            0.49339460080413555,
            0.5429945880938064,
            0.47919375812743825
          ]
        },
        "recall": {
          "mean": 0.7534477965787075,
          "std": 0.036512226088643185,
          "per_fold": [
            0.797339593114241,
            0.7534456355283308,
            0.7717879604672058,
            0.6872146118721462,
            0.7574511819116135
          ]
        },
        "accuracy": {
          "mean": 0.7066792290421642,
          "std": 0.029805361696302147,
          "per_fold": [
            0.7180704823794052,
            0.6513256628314157,
            0.716,
            0.70725,
            0.74075
          ]
        }
      },
      "n_splits": 5
    },
    "tuning": {
      "n_trials": 100,
      "regressor": {
        "best_mae": 0.791026948269594,
        "best_params": {
          "n_estimators": 426,
          "learning_rate": 0.013705909880306566,
          "num_leaves": 97,
          "max_depth": 8,
          "subsample": 0.8979277070295529,
          "colsample_bytree": 0.6199299673920536,
          "reg_alpha": 2.7933505620725603,
          "reg_lambda": 6.8392083990926125,
          "min_child_samples": 7
        },
        "n_trials_completed": 100
      },
      "classifier": {
        "best_auc": 0.7930988090286645,
        "best_params": {
          "n_estimators": 472,
          "learning_rate": 0.1388243102471378,